Sr no,Name of library,x coord,y coord,Addresss
1,Babuji Deshmukh Wachanalaya,20.73706853,76.99755488,Tilak Road Tajna Peth Akola
2,Shri Navyug Wachanalaya,21.09734507,77.06139804,"Tahsil road, akot"
3,Dr Iqbal library,21.09844166,77.0573025,"Shoukat ali chowk, akot"
4,Akot Nagarpalika Sarvajanik Wachanalaya,21.09829982,77.05442441,akot
5,Aadarsha Sarvajanik Wachanalaya,21.37755511,77.09744496,panaj
6,Shri Chhatrapati Shivaji Maharaj Sarvajanik Wachanalaya Akot.,20.7285467,76.20179281,"Lakkadganj, akot"
7,Nalanda Sarvajanik Wachanalaya,19.06361425,72.84866609,Mahagaon; Po.Ruikhed
8,Prerana Sarwajanik Wachanalaya,,,Punda
9,Maulana Abul Kalam Azad Sarvajanik Wachanalaya Akot,17.28304907,73.57980549,"Ward No7,Akot"
10,Shri Krushna Sarvajanik Wachanalaya,20.13713513,75.35894264,Mankiwastapur
11,Shri Sant Dnyaneshwar Sarvajanik Wachanalaya,20.50817156,78.65992122,Akot
12,Siddhartha Sarwajanik Wachanalaya,21.09047321,78.2082051,Kavtha Bu.po.- Aasegaon Bazar
13,Mahatma Jyotiba Phule Sarvajanik Wachanalaya,20.98075464,76.58084858,Warur (Jaulka)
14,Mahatma Phule Sarvajanik Wachanalaya,20.07983781,73.84334661,"SomvarVes,Phule Chowk,Akot"
15,Shri Vijay Sarvajanik Wachanalaya,19.22164727,72.92431215,umra
16,Jai Bajrang Sarvajanik Wachanalaya,19.13863543,72.86388734,Patsul Rly. Po.-Devri
17,Adarsha Wachanalaya,19.26313747,72.83642152,Keliveli
18,Kai. Shrimati Balanbai Mhaisane Mofat Wachanalaya,19.11967541,72.84186836,Kai. Shrimati Balanbai Mhaisane Mofat Wachanalaya
19,Janajagruti Sarvajanik Wachanalaya,,,Shivpur Po.-Bordi
20,Bapuji Sarvajanik Wachanalaya,21.46644571,74.2766418,Kutasa
21,Bhujangrao Bapu Sarvajanik Wachanalaya,,,Palsod
22,Vivekanand Sarvajanik Wachanalaya,20.30664779,74.26758086,Balegaon
23,Shri Gajanan Sarvajanik Wachanalaya,20.07564684,73.81522755,Varula
24,Shri Bhaskar Maharaj Sarvajanik Wachanalaya,,,Akoli Jahangir
25,Shriram Sarvajanik Wachanalaya,20.12106999,73.78109895,Asegaonbazar
26,Shri Sant Gadge Maharaj Sarvajanik Wachanalaya,19.02760179,72.85439852,Sawara
27,Satpuda Sarvajanik Wachanalaya,20.09463803,73.7175683,Popatkhed
28,Sonaji Maharaj Sarvajanik Wachanalaya,21.21613764,74.81371812,Jaulka waru
29,Sant Gadgebaba Sarvajanik Wachanalaya,21.00881495,79.86756123,Akolkhed
30,Sant Ruplal Maharaj Sarvajanik Wachanalaya,21.26244007,77.73134885,Amboda
31,Swa. Nagorao Jayaramji Fokmare Sarvajanik Wachanalaya.,20.90879075,77.27266964,Deori
32,Shri Dnyaneshwar Maharaj Sarvajanik Wachanalaya,21.15513087,77.18429573,Dhamangaon
33,Shri.Sant Gajanan Maharaj Gramin Wachanalaya,21.07442226,76.98379524,Parala
34,Smt.Aashatai Ingale Sarvajanik Wachanalaya,20.9077423,77.00439461,Kinkhed Purna
35,Veershaiva Sarvajanik Wachanalaya,19.76298284,76.19623248,Mundgaon
36,Vivekanand Granthalaya,20.9209594,75.24385695,Nandkhed
37,Aai Jagdamba Sarvajanik Wachanalaya,19.67106533,74.30455415,Bambarda
38,Prabuddha Sarvajanik Wachanalaya,,,Rondala
39,Vishwabhushan Dr.Babasaheb Ambedkar Sarvajanik Wachanalaya,19.37027599,73.16298967,Jaulkhed
40,Bharatratna Dr. Babasaheb Ambedkar Sarvajanik Wachanalaya,19.15478367,72.99228594,Pilakwadi
41,Adarsh sarvajanik vachnslaya mohadi,19.23116462,72.84828676,"Adarsh sarvajnik wachanalaya, taluka, Peru Baug, Jay Prakash Nagar, Goregaon, Mohadi, Mumbai, Maharashtra 441807"
42,Dadar Sarvajanik vachanalay,19.14831518,72.85210084,"Chabildas Rd, Dadar West, Dadar, Mumbai, Maharashtra 400028"
43,Boudha Pragati Sangh Chowk Vrutpatra Vachnalay,19.02216015,72.89107559,"August Kranti Marg, Grant Road, Papnas Wadi Rd, Grant Road, Papanas Wadi, Tardeo, Mumbai, Maharashtra 400036"
44,Amravati City Library,20.93358336,77.75121101," Amrawati Tahsil, Amravati, Maharashtra 444601"
45,Government Library,20.94131777,77.76353491,"1, Morshi Rd Walcut Compound, Morshi Rd, Walcut Compound, Paranjpe Colony, Amravati, Maharashtra 444601"
46,"SHASKIYA VIBHAGIY GRANTHALAY,AMRAVATI",20.93981569,77.76455941,"near SANT DYANESHVAR MAHARJ SANSKRUTIK BHAVAN, Paranjpe Colony, Amravati, Maharashtra 444603"
47,Pushpak Colony library,20.89690516,77.74328078,"Pushpak Colony, Kanwar Nagar, Guruchhaya Colony, Sai Nagar, Amravati, Maharashtra 444607"
48,Mohammadiya Sarvajanik Library,20.94813716,77.72770205,"Lalkhedi, Amravati, Maharashtra 444602"
49,City Library Reading room,20.9253537,77.75748128,"Rajapeth, Kanwar Nagar, Guruchhaya Colony, Vivekanand Colony, Amravati, Maharashtra 444605"
50,Mudholkar Peth Library,20.89772015,77.74103314,"Akoli Rd, Sai Vihar Colony, Guruchhaya Colony, Sai Nagar, Amravati, Maharashtra 444607"
51,Gajanan Reading Room Library,20.96562117,77.75900924,"Siddhivinayak Nagar, Amravati, Maharashtra 444604"
52,DAYA's Library,20.94931883,77.76732175,"Palash Line, behind Adivasi Hostel, Gadge Nagar, Amravati, Maharashtra 444604"
53,Vidarbha Vachnalaya,20.94745266,77.74108743,"Jameel Colony, Walgaon Road, Amravati, Maharashtra 444601"
54,Disha Library,20.94471159,77.7919112,"Hp gas office, Camp Area, Near Tapovan Gate, Amravati, Maharashtra 444602"
55,Succuss Yadnya Library,20.92495829,77.74628512,"Fish-o-fish च्या जवळ, Shilangan Rd, Prabhat colony HVPM and Biyani, college road, Amravati, Maharashtra 444601"
56,"GCOEA,Central Library",20.96175024,77.75769664,"Siddhivinayak Nagar, Amravati, Maharashtra 444604"
57,CA Library and Reading Room,20.9099046,77.74099351,"Industrial Estate, 51 , Sai Regency , Near Kranti Colony , Behind Saturna, Kranti Colony, Sharda Vihar, Amravati, Maharashtra 444602"
58,Ashoka Library,20.92264678,77.77975359,"Unnamed Road, Juni Kotwali, Amravati, Maharashtra 444605"
59,Drishti Library,20.96558337,77.7579522,"Pote Patil Rd, near rangoli lawn, Kathora Naka, Siddhivinayak Nagar, Amravati, Maharashtra 444602"
60,SARASWATI VACHNALAYA,20.95080359,77.80049427,"Saraswati vachnalaya V.M.S.M Tapovan, Maharashtra 44460"
61,kalpana Vachanalaya,20.92037919,77.76579264,"behind POONAM ELECTRONICS, Moti Nagar, Amravati, Maharashtra 444606"
62,ETHICS LIBRARY,20.9514699,77.76825451,"10, Palash Line, Gadge Nagar, Amravati, Maharashtra 444604"
63,Oasis Library,20.95182437,77.76937704,"Gadge Nagar, Amravati, Maharashtra 444604"
64,Rajmudra abhyasika,20.89949401,77.75028728,"Gopal Nagar, Sutgirni Rd, behind Vaishnavi Medical, near Jirafe Murtikar, Gopal Nagar, Amravati, Maharashtra 444607"
65,Krushnarpan Abhyasika,20.94990802,77.76899006,"Vishwanath painting line, Gadge Nagar, Amravati, Maharashtra 444601"
66,Aajol Library,20.95258761,77.76465858,"opposite Aajol Boys Hostel, near Govt Polytechnic College, Gadge Nagar, Amravati, Maharashtra 444603"
67,VITHUMAULI LIBRARY,20.95968261,77.76485074,"Rathi Nagar, Gadge Nagar, Amravati, Maharashtra 444604"
68,Sarvdhyan Library,20.94735744,77.77161845,"Gali Number 1, Radha Nagar, Gadge Nagar, Amravati, Maharashtra 444602"
69,Samarth Abhyasika,20.95227353,77.76589141,"Satyadev Furniture Line, opposite to Government Polytechnic, Gadge Nagar, Amravati, Maharashtra 444602"
70,Dhyeyapurti Library,20.96607046,77.7505918,"18, State Highway 242, SH242, Shrimangal Colony, Navsaari, Amravati, Maharashtra 444604"
71,"""पुस्तकम"" The Library",20.95664899,77.76449426,"Pustakam Library,1st Floor, NTA Office, Shegaon Naka Rd, opposite of HDFC Bank, Chowk, Amravati, Maharashtra 444602"
72,Rise Up Library,20.91431249,77.76401929,"Farashi Stop, Dastur Nagar Rd, near Sant Narhari Sonar Maharaja Gate, in front of Sahu Medical, Sindhu Nagar, Dastur Nagar, Amravati, Maharashtra 444601"
73,Shri Samarth library,20.91883167,77.76139981,"Raj Plaza, Gokul Market, Dastur Nagar, Amravati, Maharashtra 444605"
74,PRIME LIBRARY,20.92898626,77.76072821,"GANDHI NAGAR, near RUKHMINI NAGAR, near GANDHI GARGEN, Amravati, Maharashtra 444605"
75,SIDDHARTH LIBRARY,20.9233648,77.77039425,"Siddharth Ground, Frezarpura, Amravati, Maharashtra 44460"
76,Arnav Study Center,20.90188826,77.74222894,"Guruchhaya Colony, Sai Nagar, Amravati, Maharashtra 444607"
77,Reading Room Library,20.96737152,77.75624622,"18, SH242, Yashomangal Colony, Navsaari, Amravati, Maharashtra 444604"
78,Radhey Library,20.92857008,77.77256485,"Shyam Nagar, Amravati, Maharashtra 444606"
79,Lakshaya library,20.94869174,77.76807444,"Santosh bhuwan lane, Gadge Nagar, Amravati, Maharashtra 444604"
80,Yashodeep Reading Room Library,20.94970414,77.75332075,"K L College Rd, Rampuri Camp, Amravati, Maharashtra 444601"
81,Aastha Library,20.91923746,77.77531653,"Above Aastha Bhojanalaya, Pal Market, Mahadev Khori Rd, near Yashoda Nagar, Chauk, Amravati, Maharashtra 444606"
82,Sankalp Study Circle,20.92588109,77.74839979,"Flat No. 09, Kanchan Appartment, opposite to Bhojane Hospital, near Rajapeth Gurudwara, Madhokar Peth, Amravati, Maharashtra 444601"
83,The Learning Studio,20.94245377,77.76224501,"Behind Dr Barabde Hospital Camp Road, Irwin Square, Amravati, Maharashtra 444606"
84,Bhadke's Library,20.96910566,77.77428549,"Vilas Colony, Holywood Nagar, Amravati, Maharashtra 444604"
85,Knowledge Resource Center Sant Gadge Baba Amravati University,20.94816228,77.82116801,"Camp Area, Sant Gadge Baba Amravati University, SRPF Colony, Amravati, Maharashtra 444602"
86,JaySeva Vachnalay,20.93469295,77.78105573,"Vivekanand Colony, Amravati, Maharashtra 444606"
87,Shri Sant Gajanan Maharaj Vachnalay,20.9585848,77.78018293,"Rathi Nagar, Gadge Nagar, Amravati, Maharashtra 444604"
88,IYF LIBRARY,20.95057141,77.73293474,"Habib Nagar, Hazrat Bilal Nagar, Amravati, Maharashtra 444601"
89, VAIRATGAD library,20.94897694,77.79271565,"Sachin Chaudhari, Govt Quarter, Camp Rd, near RTO office, Amravati, Maharashtra 444602"
90,शिवाशिष अभ्यासिका,20.97640601,77.76118053,"Vijay Colony, Amravati, Maharashtra 444602"
91,Swara Study Center,20.90184853,77.7354862,"Nalanda Colony, Guruchhaya Colony, Sai Nagar, Amravati, Maharashtra 444607"
92,Prayas Library,20.90715561,77.76625165,"Bapu Colony, Amravati, Maharashtra 444605"
93,Late Sopanrao supe library,20.9750183,77.7346907,"Amravati, Maharashtra 444602"
94,savitribai fhule vachanalaya,20.93580907,77.76097151,"Maltekdi, Amravati, Maharashtra 444606"
95,Yashogeet Library,20.96513348,77.73911418,"Unnamed Road, Navsaari, Amravati, Maharashtra 444602"
96,Akshar Library,20.95500858,77.77329757,"Rampuri Camp, Amravati, Maharashtra 444601"
97,Mahila Wa Balklyan Vikas Library,20.94786319,77.79519994,"Paranjpe Colony, Amravati, Maharashtra 444602"
98,Dnyandarpan Library,20.97913368,77.75510532,"Vilas Colony, Holywood Nagar, Amravati, Maharashtra 444604"
99,P.R Patil College Library,21.00540072,77.79589264,"Gajanan Twp Rd, Amravati, Maharashtra 444602"
100,Shri Shivaji Science College Library,20.98564138,77.77300189,"Morshi Rd, Gadge Nagar, Amravati, Maharashtra 444601"
101,ज्ञानसागर सार्वजनिक वाचनालय,20.91942902,78.02538902,"Babasaheb ambedkar road, Bhiwapur, post. Amla Tq. Teosa Di. Amravati State, Bhiwapur, Maharashtra 444904"
102,Savitrijyoti Library,20.91671557,77.78912597,"road, near blue bird cafe, Prasad Nagar Saturna, Guruchhaya Colony, Saturna, Amravati, Maharashtra 444607"
103,Management Library,20.94227437,77.74238012,"Patvipura, Amravati, Maharashtra 444601"
104,SHIVAY LIBRARY,20.95380421,77.82495283,"Tapovan gate, chawan complex, sanket colony road, Yogiraj Nagar, Amravati, Maharashtra 444602"
105,Vrundavan Abhyasika,20.97713485,77.813396,"Prerana Colony Rd, Gadge Nagar, Amravati, Maharashtra 444604"
106,M.K LIBRARY - Maximum Knowledge Study Centre,20.94931068,77.8214209,"Yogiraj Nagar, Amravati, Maharashtra 444602"
107,Public Library,20.95548942,77.73054838,"SH 200, Zakir Colony, Amravati, Maharashtra 444601"
108,Dr. Babasaheb Ambedkar Library,20.99004376,77.77471263,"Rampuri Camp, Amravati, Maharashtra 444601"
109,Sarvadnya Abhyasika,20.98984648,77.77344542,"Radha Nagar, Panchvati, Amravati, Maharashtra 444604"
110,VMV Library,20.99347879,77.76413214,"Siddhivinayak Nagar, Amravati, Maharashtra 444604"
111,Deshmukh Library,20.97665609,77.71274142,"Nishigandha Colony, Jawahar Nagar, Amravati, Maharashtra 444602"
112,Shabdvel Library,20.92351922,77.73252479,"ICAI Bhavan Rd, Parmal Layout, Saturna, Amravati, Maharashtra 444602"
113,Sanskar Sarvajanik Wachnalay,21.41662347,76.9912025,"Sankalp Nagar, Bypass, near Salasar Balaji Mandir, Nafees Bagh, Dahigaon Gawande, Akola, Maharashtra 444002"
114,Raowadi Sarvajanik Ganeshostav Mandal,19.76701156,72.8519292,"Plot No, Rao Wadi, 23, Gopi Tank Marg, Mahim West, Mahim, Mumbai, Maharashtra 400016"
115,Savitribai phule sarvajanik vachnalay,18.84970706,74.35041594,"Dhawade Vasahat, Hanuman Nagar, Bhosari, Pimpri-Chinchwad, Maharashtra 411026"
116,savitribai phule granthalay,19.29319153,73.77733806,"391, Narveer Tanaji Malusare Rd, Uma Housing Society, Niranjan Park, Anand Nagar, Pune, Maharashtra 411051"
117,Savitribai Phule Vachanalay,19.3574615,72.86466027,"Korba Mithagar Upper Primary Hindi School, Lal Bahadur Shastri Nagar, Wadala, Mumbai, Maharashtra 400037"
118,Savitribai phule library,18.68738607,74.01281579,"Dattanagar, Shani Nagar, Ambegaon Budruk, Pune, Maharashtra 411046"
119,क्रांतिज्योती सावित्रीबाई फुले वाचनालय,18.9914474,73.67486845,"Somwar Peth, Khalde Aali, Talegaon Dabhade, Maharashtra 410506"
120,Savitribai Phule Library,18.13618731,73.59943233,"2231MA, Fulenagar, Phulenagar, Wai, Maharashtra 412803"
121,Savitribai phule sarvajanik vachanalay,18.18159917,75.5285858,"Balaji Nivas 1010 Balaji Nivas 1010, Tembhurni, Maharashtra 413211"
122,Savitribai phule sarvajanik vachanalay selu,19.15247961,77.43312375,"Palam, Selu, Maharashtra 431720"
123,Sant Rohidas Sarvjanik Vachanalay,18.61976307,75.54036688,"Kolwadi, Maharashtra 412213"
124,Shri Sant Shiromani Rohidas Maharaj Sarwajanik Wachnalaya,19.26660048,77.86159052,"Bhosi Rd, Bhosi, Maharashtra 431745"
125,Granthprasarak Shri Anantrao More Sarvajanik Vachnalay,17.90315814,73.89904899,"Devghar, Maharashtra 415730"
126,मुळचंद रामनारायण करवा वाचनालय,18.19751913,73.91497711,"Dasturi to Paranjape Saw Ml, Mahad, Maharashtra 402301"
127,Gajanan Maharaj Library,19.27051067,72.95392769,"Shivai Nagar, Thane West, Thane, Maharashtra 400606"
128,Sarvajanik Vachanalaya Kalyan,19.30763552,73.21387366,"Rambaug Lane Number 5, Pai Colony, Joshibaug, Kalyan, Maharashtra 421301"
129,Sarvajanik Vachnalay,19.26936891,73.12615589,"BazarPeth Rd, Surganga Society, Manik Colony, Kumbharwada, Kalyan, Maharashtra 421301"
130,"Sarvajanik vachnalay, Abyasika(study centre)",19.44159166,73.10648059,"Rambaug, Kalyan, Maharashtra 421301"
131,Sarvajanik Vachanalaya,20.03418093,73.90991695,"Tilak Rd, Shalimar, Nashik, Maharashtra 422001"
132,Sahachar Pustakalaya,19.077541,72.8859379,"Kalyan Building - 3, Sadashiv Cross Lane, Khadilkar Rd, Charni Road East, Girgaon, Mumbai, Maharashtra 400004"
133,Akshara Library for Women,18.99361845,72.8652321,"Saidham Nagar, Parel, Mumbai, Maharashtra 400012"
134,Golvarkar Guruji Sarvajanik Vachnalay,18.51603395,73.53859665,"Third Cross Rd, Swami Vivekananda Nagar, Patil Nagar, Vasind, Maharashtra 421601"
135,Sane Guruji Vachnalay,18.23452803,73.21999315,"Cheulkar Rd, Slum Area, Kharegaon, Kalwa, Thane, Maharashtra 400605"
136,Sarvashree Sarvajanik Granthalaya,19.8450675,72.83563767,"Apartment, D, Om vikas, 3/13, Santoshi Mata Rd, Ammu Nagar, Chikan Ghar, Kalyan, Maharashtra 421301"
137,Dr.Babasaheb ambedkar sarvajanik wachanalay kalkhed,20.09267611,77.22866257,"Kalkhed, Maharashtra 444203"
138,Dr. BABASAHEB AMBEDKAR LIBRARY,20.06252252,77.69481018,"Rahul Nagar, Keshavraj Vetaal, Akot, Maharashtra 444101"
139,सीनियर कॉलेज वाचनालय,21.30535209,76.98696336,"Shri Shivaji Art Commerce Science college, Saraswati Nagar, Akot, Maharashtra 444101"
140,Guruvandan Library,20.61798752,77.26162155,"Appaswami Colony, Akot, Maharashtra 444101"
141,Science library,20.05139996,72.82563767,"Shri Shivaji Art Commerce Science college, Saraswati Nagar, Akot, Maharashtra 444101"
142,Akot Nagar Parishd Library,20.40189937,77.55825239,"Appaswami Colony, Akot, Maharashtra 444101"
143,Swami Vivekanand Sarwajanik Wachnalaya,20.18550767,77.29458053,"Unnamed Road, Dnyaneshwar Nagar, Old City, Akola, Maharashtra 444002"
144,Amardnyan Sarvajanik Wachnalay,19.0990901,77.74501996,"Raja Bhagirath Nagar, Amardnyan Sarvajanik Wachnalay Raja, Bhagirath Nagar, Kolambi, Maharashtra 431709"
145,सोनू सार्वजनिक वाचनालय,20.36070522,77.78896527,"Kurankhed(Katepurna), Kurankhed, Maharashtra 444102"
146,Shree Rajmudra Sarvajanik Vachanalay,18.36427516,73.47958152,"433/2509, Sant Tukaram Nagar, Pimpri Colony, Pimpri-Chinchwad, Maharashtra 411018"
147,Soham Sarvjanik Library.,18.618702,74.33618067,"Vallabh Nagar, Pimpri Colony, Pimpri-Chinchwad, Maharashtra 411018"
148,Ravindranath Tagore Sarvajanik Library,18.36673869,73.99890025,"Sector 25, Pradhikaran, Nigdi, Pimpri-Chinchwad, Maharashtra 411044"
149,Shree Shahu Sarvajanic Vachnalaya,19.02175526,74.03967675,"Shree Rajashree, Shahu Kridangan, near Hanuman Gym, Devendra Housing Society, Shahunagar, MIDC, Pune-19, Pimpri-Chinchwad, Maharashtra 411019"
150,Shri Narayan Chaturkar sarvajanik wachanalay,20.64883232,77.49233443,"Pimpri Khurd, Gokhi, Maharashtra 444126"
151,Sarvajanik Wachnalay,18.84438724,74.47899412,"Sant Tukaram Nagar, Pimpri Colony, Pimpri-Chinchwad, Maharashtra 411018"
152,Rajabhau Ketkar Motiwale Smruti Vachnalay,19.0938592,72.89628253,"Chitpawan Bramhan Sangh, Nikadwari Lane, SV Sovani Path, Charni Road (E) Charni Road (E), Girgaon, Mumbai, Maharashtra 400004"
153,Kai J. B. Thoke Sarvajanik Wachnalaya,20.08475063,74.34902369,"Pate, Maharashtra 423101"
154,Chhatrapati Shahu Maharaj Sarvajanik,19.41264555,74.46438012,"Pimpalgaon Ujjaini, Maharashtra 414601"
155,Rajshri shahu ma.sarvajanik vachnaly,20.05919152,75.01677268,"Salukheda, Maharashtra 431101"
156,Shri Uddhavrao Patil Wagh Sarvajanik Wachanalaya,19.49088426,75.15755234,"Jawakhede Dumala, Maharashtra 414505"
157,Swami Samarth Sarvajanik Wachanalay,18.84420194,74.37615893,"Swami Samarth Sarvajanik Wachanalay, Bhorwadi, Maharashtra 414005"
158,Shrimant Raje Chhatrapati Sarvjanik Wachnalay,19.51159644,75.22347031,"Unnamed Road, Rakshas Bhuwan, Maharashtra 413249"
159,एकता सार्वजनिक वाचनालय,20.18885061,73.45678957,"Karanjali, Savalghat, Khalcha Pada, Peint, Maharashtra 422208"
160,Wasil Khan Marg Vachnalaya,18.96218517,72.84698158,"Vasil Khan Marg, Nagpada, Mumbai, Maharashtra 400008"
161,Sarvajanik Wachanalaya,18.65066464,73.78403151,"411035, Vivek Nagar, Akurdi, Pimpri-Chinchwad, Maharashtra 411035"
162,Jijau Library,18.94883916,72.83588945,"Ambadi Naka, Maharashtra 421302"
163,JIJAU LIBRARY,19.57407507,73.44994356,"Padgha Bajarpeth Rd, Sharad Nagar, Padgha, Maharashtra 421101"
164,Raj Mata Jijau Granthalaya,19.40492152,73.53753004,"Katrap, Badlapur, Maharashtra 421503"
165,Rajmata Jijau Vachnalay,19.72910023,73.69971917,"Ramdas Swami Nagar, Nashik, Maharashtra 422006"
166,Rajmata Jijau Child library,18.45619846,73.56029723,"bear Lal Mahal, Jijamata Rd, Durvankur Society, Kasba Peth, Pune, Maharashtra 411011"
167,Rashtramata Jijau Sarvjanik Vachnalaya,19.85337327,76.76754492,"Deulgaon Banda, Maharashtra 444510"
168,Sant Gadge Baba Vachanalaya,21.11536231,76.97082804,"Main Road, Adgaon Khurd, Maharashtra 444126"
169,Rajarshi Chatrapati Shahu Maharaj Libary,19.231739,77.1869327,"Sayala Sunegaon Rd, Sayala Sunegaon, Maharashtra 431521"
170,Shahu Maharaja sarvajanik vachnalaya,20.3378324,78.78367914,"Ward Number 2, near Hanuman Mandir, Borgaon Meghe, Wardha, Maharashtra 442001"
171,Chhatrapati Shivaji Maharaj sarvjanik vachnalay,19.05003617,77.97890156,"AT.GOLEGAON POST.KHANDGAON TA.NAIGAON, Golegaon, Maharashtra 431722"
172,Shri Chatrapati Shivaji Maharaj sarvajanik vachnalaya,18.21900974,76.98974224,"Harishchandra nagar, Shivpur, Maharashtra 413524"
173,RAJASHREE CHATRAPATI SHAHU MAHARAJ SARVAJANIK VACHNALAY,21.34769535,79.70869736,"Baba Farid Nagar, HASARA, TUMSAR, Nagpur, Maharashtra 441912"
174,Phule Shahu Ambedkar Sarvajanik Vachnalay,20.3378324,78.72874751,"Budha Vihar Rd, Kavtha, Maharashtra 442302"
175,Phule Shahu Vachnalaya,20.7952491,77.78304672,"Pohi Rd, Pohi, Maharashtra 444106"
176,Chatrapati Shahu Maharaj Granthalaya,17.67892246,75.56095638,"Nandore, Maharashtra 413315"
177,Chatrapati Shivaji Maharaj Sarvajanik Vachnalaya,19.79223317,79.81259134,"Ghot, Maharashtra 442604"
178,Mahatma phule sarvajanik vachanalay,20.14351321,77.06473915,Maharashtra 444505
179,Mahatma phule sarvajanik vachnalay,19.19881851,76.84783444,"Khandegaon, Maharashtra 431512"
180,Mahatma Jyotirao Phule sarvajanik Vachnalaya,19.68113819,75.73197361,"Tembhurni, Maharashtra 431208"
181,Mahatma Jyotiba Phule Wachanalay,19.14408306,77.1231885,"Khairgaon Kh., Maharashtra 431745"
182,Mahatma Phule sarvjnik Wachnalya,20.01949146,79.58187846,"Sawali, Maharashtra 441225"
183,Savitribai Phule Wachnalai,20.9076107,76.02439075,"Ghatpuri, Sarola, Khamgaon, Maharashtra 444303"
184,Mahatma Jyotiba Phule Vachanalaya,20.55592888,77.49664374,"Vijaypath Nagar, Gopal Nagar, Amravati, Maharashtra 444607"
185,Mahatma jyotiba phule sarwajanik vachanalay mengatola,21.51920484,79.3948667,"Mengatola post pathari, ta, Goregaon"
186,Kai.Manjulhabai Patil sarvajanik Vachnalay,20.76187076,75.20150041,"Unnamed Road, Rameshwar Bk., Maharashtra 425105"
187,महात्मा फुले सार्वजनिक वाचनालय,20.5508276,77.33599234,"Mothi Umri, Akola, Maharashtra 444005"
188,"Mahatma Jyotirao Phule, Library",20.02981361,79.49398784,"Sawali, Maharashtra 441225"
189,Mahatma Jyotiba Phule Library And Savitribai Phule Study Centre Minghari.,20.23611394,79.16439802,"Minghari, Maharashtra 441223"
190,Mahatma jyotiba phule,20.61519388,78.93578872,"Rd, near bus stop, Ralegaon, Maharashtra 445402"
191,Mahatma Jyotiba Fule Library,20.79162071,76.98323342,"Silvercity Rd, Khate Layout, Madhav Nagar, Khamgaon, Maharashtra 444303"
192,Yuwa sarvajanik wachnalay,20.682641,80.14218117,"Ekodi, Maharashtra 441614"
193,Kranti Sarvajanik Wachanalaya Datala,21.15366189,76.6080489,"Datala, Maharashtra 443102"
194,प्रगती सार्वजनिक वाचनालय आजनी खुर्द,18.73464724,76.41271116,"Ajani Kh, Maharashtra 413514"
195,Kai pandharinath daji adsure patil sarvajanik vachanalay,19.47060424,74.95156328,"Warwandi, Babhulgaon, Maharashtra 413704"
196,savitriaai library jugnala,20.69928631,80.44979834,"Jugnala, Maharashtra 441206"
197,Sarvajanik vachanalay Dahiwad Kh,21.26799714,75.68617445,"Dahiwad Kh., Maharashtra 425105"
198,Sarvajanik Vachnalay,21.27370591,79.5159605,"Kharbi, Maharashtra 441906"
199,Pradnyadeep Sarvajanik Vachnalay,20.38462141,74.47046697,"Narsingpur, Kannad, Maharashtra 431103"
200,Sarvajanik Wachanalaya Salekasa,21.49876236,79.72445653,"Amgaon - Salekasa Rd, Salekasa, Maharashtra 441916"
201,Sarvajanik Vachnalay Atkali,18.86253423,78.05060981,"Atkali, Maharashtra 431736"
202,Kavdeshwar sarvajanik vachanalay,18.79027799,74.49412577,"Kaudgaon, Maharashtra 413201"
203,"Shri. Cchatrapati Shivaji Sarvajanik Wachanalaya, Ghodezari",21.03805108,79.7137144,"Ghodezari, Kolara, Maharashtra 441805"
204,सार्वजनिक वाचनालय,20.40652698,76.83291315,"Unnamed Road, Anjani Budruk, Maharashtra 443301"
205,Lokseva Sarvajanik Vachnalay,20.49360452,78.38436877,"Chani., Maharashtra 445002"
206,लोभिवंत सार्वजनिक वाचनालय साई,20.13694115,77.82060738,"Sai Ijara, Maharashtra 445204"
207,Aapale sarvjanik vachnalay,19.92884941,75.20292861,"Badnapur, behind Grampanchayat Office, Kinhola, Maharashtra 431213"
208,श्री अहिल्यादेवी सार्वजनिक वाचनालय जढाळा,18.81941211,76.67780498,"Jadhala, Maharashtra 413523"
209,"Dyandeep Sarvajanik Vachnalay, Jambhora",19.4298558,75.98099184,"Jambhora, Maharashtra 443308"
210,Dr Babasaheb ambedkar sarvjanik vachnalaya,21.46423516,74.14777785,"Rajale, Maharashtra 425411"
211,"Sarvajanik vachanalay, Biladi",20.60245993,74.62707935,"Biladi, Maharashtra 424005"
212,Kamlabai sarvajanik vachnalay,20.92744772,80.06527681,"Belati bk, Maharashtra 441614"
213,,,,
214,,,,
215,,,,
216,,,,
217,,,,
218,,,,
219,,,,
220,,,,
221,,,,
222,,,,
223,,,,
224,,,,
225,,,,
226,,,,
227,,,,
228,,,,
229,AURANGABAD,,,
230,,,,
231,Nagar Parishad Wachanalaya,18.18891537,76.04200272,"52PR+4QP, S.R.T.Colony, Osmanabad, Maharashtra 413501"
232,Abhinav Vachanalay,19.94396036,75.29644334,"V8GV+98P, Sarveshwar Nagar, All India Radio Staff Quarters, Vishnu Nagar, Sindhi Colony, Aurangabad, Maharashtra 431001"
233,Dr. Babasaheb Ambedkar Sarvajanik Wachanalaya,20.87211148,76.67454658,"VMCF+QRJ, Kalkhed, Maharashtra 444203"
234,Sarvoday Wachanalaya,,,"Kader, Tal. Umarga, Dist. Osmanabad."
235,Mahatma Wachanalaya,,,"Jakekur, Tal. Umarga"
236,Siddheshwar Granthalay,,,"Nagral Gu., Tal. Umarga"
237,Priyadarshani Wachanalaya,,,"Javalga Bet, Tal. Umarga,"
238,Lokmanya Wachanalaya,,,"Yeneguru, Tal. Umarga"
239,Subodh Sarvajanik Wachanalaya,,,"Dabka, Tal. Umarga"
240,Sant Sevalal Wachanalaya Mandal,,,"Naiknagar Su., Tal. Umarga, Dist. Osmanabad."
241,Shree Basveshwar Vachanalay,,,"Wadi Wadgaon, Tal. Umarga"
242,Sadbhavana Wachanalaya,,,"Ghatangri, Tal. Dist. Osmanabad"
243,Jijau Sarvajanik Wachanalaya,,,"Dhoki, Tal. Dist. Osmanabad."
244,Navnath Wachanalaya,,,"Umbarekotha, Tal."
245,Walmik Rushi Sarvajanik Wachanalaya,,,"Kolewadi, Tal. Dist. Osmanabad."
246,Terna Mahila Sarvajanik Wachanalaya,,,"Ter, Tal. Dist. Osmanabad."
247,Shree Venkatesh Wachanalaya,,,"Sarola (Bu.), Tal."
248,Pragati Wachanalaya,,,"Palaswadi, Tal. Dist. Osmanabad."
249,Matoshree Wachanalaya,,,"Kawlewadi, Po. Bukanwadi, Tal"
250,Vithumai Sarvajanik Wachanalaya,,,"Uple (Ma.), Tal. Dist. Osmanabad"
251,Sakhi Mahila Sarvajanik Wachanalaya,,,"Ghargaon Tal. Kalamb,"
252,Sant Dnyaneshwar Wachanalaya,,,"Wadgaon (J), Tal. Kalamb, Dist. Osmanabad"
253,Shivseva Sarvajanik Wachanalaya,,,"Pangaon, Tal. Kalamb, Dist. Osmanabad."
254,Chandni Magar Sarvajanik Wachanalaya,,,"Haladgaon, Tal. Kalamb,"
255,Vijaya Vachnalaya,19.90262138,75.34230855,"N-12, Hudco, J/2, Aurangabad, Maharashtra 431003"
256,Jai Hind Sarvajanik Wachanalaya,,,"Kankraba, Tal. Tuljapur, Dist. Osmanabad"
257,Lokmanya Sarvajanik Wachanalaya,,,"Paranda, Tal. Paranda, Dist. Osmanabad."
258,Shree Datt Sarvajanik Wachanalaya,,,"Watefal, Tal. Paranda,"
259,Hasrat Mohani Public Library,19.88568923,75.34624554,"NEAR QURESHI COMPOUND, Baijipura, Aurangabad, Maharashtra 431001"
260,Gurukrupa Abhyasika & Library,19.88997467,75.36164159,"First Floor, K-89/90, Triveni Jay Bajrang Colony, near Bajrang Chowk, N 7, Cidco, Aurangabad, Maharashtra 431003"
261,Balwant Vachanalay,19.88640496,75.32716239,"V8MG+XM8, Aurangapura Rd, Naralibag, Aurangabad, Maharashtra 431001"
262,GECA Library,19.86977732,75.32493079,"V89F+7W6, Rachanakar Colony, New Usmanpura, Aurangabad, Maharashtra 431005"
263,Lokmanya Abhyasika,19.88172357,75.32827819,"Roxy Talkies Complex, behind Kanfate Hanuman Mandir, Paithan Gate, Sanmitra Colony, Nirala Bazar, Aurangabad, Maharashtra 431003"
264,Nilesh Library,19.86570477,75.35651239,"Gayatri nivas, Gali No. 3, Jai Bhavani Nagar, Sector N 4, Cidco, Aurangabad, Maharashtra 431003"
265,Study Adda 24×7,19.87815694,75.32811284,"Nutan Colony, Nirala Bazar, Aurangabad, Maharashtra 431001"
266,Swapnapurti Abhyasika,19.86508029,75.33532262,"Shreenath Complex, Darga Rd, beside Bank of Baroda, New SBH Colony, Sahakar Nagar, New Usmanpura, Aurangabad, Maharashtra 431005"
267,Mitrodaya Abhyasika,19.88243487,75.32768369,"V8JH+66J, Paithan Gate-Nirala Bazar Rd, Jijamata Nagar, Gulmandi, Nirala Bazar, Aurangabad, Maharashtra 431001"
268,Reader's Point Study Center,19.8789641,75.34596562,"Office No.1, Near Central Mall, Jalana Road, Chowk, Opposite Akashwani, Mahesh Nagar, Aurangabad, Maharashtra 431003"
269,"Government Divisional Library,Aurangabad",19.88092959,75.32260417,"V8HF+R6R, Sillekhana Road, Samarth Nagar, Sawarkar Chowk, Aurangabad, Maharashtra 431001"
270,Gyaan Vardhini Abhyasika,19.89114664,75.32467693,"V8FH+XHC, Paithangate Rd, Opp. Telephone Exchange, Kranti Chowk, Nutan Colony, Ajabnagar, Aurangabad, Maharashtra 431001"
271,Kai. Narayanrao Ujlambkar Sarvajanik Wachnalaya,19.89312313,75.37273779,"C-64, C-64, Kamgar Chowk, Sector N 4, Cidco, Aurangabad, Maharashtra 431009"
272,YASH Library,19.8957309,75.35857233,
273,,,,
274,Haribhau Mule Library,19.87120002,75.32228077,"1, Bhanudas Sabhahgrah Railway Station Rd, Milind Nagar, Rachanakar Colony, New Usmanpura, Aurangabad, Maharashtra 431005"
275,Adarsh Study Centre,19.87814181,75.35644139,"P 16/17 , Town Centre, Behind Raj Petrol Pump, Jalna Road, near Air India Office, Cidco, Aurangabad, Maharashtra 431003"
276,Aasawa Brothers Abhyasika N-2,19.87329255,75.36818123,"Thakare Nagar Rd, near Aurangabad District Cricket Association, Kamgar Chowk, Chh, N 2, Cidco, Aurangabad, Maharashtra 431007"
277,Hasrat Mohani Public Library,19.88644924,75.34577942,"NEAR QURESHI COMPOUND, Baijipura, Aurangabad, Maharashtra 431001"
278,,,,
279,,,,
280,,,,
281,NAGPUR,,,
282,TOUR MANAGE,21.15079561,79.05387348,"Opposite dadadham, Amravati Rd, behind rbi colony, Ravi Nagar, Nagpur, Maharashtra 440033"
283,Rashtrapita Jyotiba Phule Abhyasika,21.1451921,79.05765003,"43R5+W24, near Londe Jewellers, Gokulpeth, Nagpur, Maharashtra 440010"
284,VNIT Library,21.12902078,79.05026859,"43G2+4H8, South Ambazari Road, Nagpur, Maharashtra 440010"
285,The Books Trunk Library & Reading Room,21.10539058,79.07427045,"05, santaji colony, Dandekar Layout, Narendra Nagar, Badil Kheda, Nagpur, Maharashtra 440015"
286,Lakshya Reading Room & Study Centre,21.10898729,79.0937015,"Omkar Nagar Square, Mankapur Ring Rd, near Bhagwan Nagar, Nagpur, Maharashtra 440027"
287,Dhyeya library,21.12279782,79.10480496,"87, Jawahar Nagar, Ayodhya nagar, Nagpur, Maharashtra 440024"
288,Kamgar-kalyan Library,21.1278326,79.11205305,"44G6+3M8, Raghuji Nagar, Nagpur, Maharashtra 440024"
289,Manyavar Kanshiram Public Library,21.11819445,79.0989448,"437X+QPR, 4th Street, New Kailash Nagar, Medical Colony, Rameshwari, Nagpur, Maharashtra 440027"
290,Horizon Reading Room,21.12912722,79.09308464,"16, Wanjari Nagar, Ajni, Nagpur, Maharashtra 440003"
291,Ajay Library,21.12596256,79.09647737,"43FW+2FQ Ajay Reading Hall, Empress Mill Colony, Vishwakarma Nagar, Rameshwari, Nagpur, Maharashtra 440027"
292,Readiology - Ganvir's Hub,21.12478894,79.0980048,"306, Vishwakarma Nagar, B/h Ajni Police Station B/h GMCH South Of, Ridge Rd, Layout, Nagpur, Maharashtra 440027"
293,Chanakya Study Room,21.13346543,79.11171279,"N-18, volleyball ground, Reshim Bagh, Nagpur, Maharashtra 440024"
294,Pragya sheela library,21.13282613,79.12679159,"44JG+8RC, Middle Ring Rd, Nandanvan, Nagpur, Maharashtra 440009"
295,Chanakya Library,21.13574863,79.10897119,"1006, near Union Bank Of India, Shri Krishna Nagar, Reshim Bagh, Nagpur, Maharashtra 440024"
296,Rashtriya Vachanalay,21.1466162,79.10691499,"44V4+PQF, Tilak Rd, Mahal, Nagpur, Maharashtra 440032"
297,Universal Library & Study Circle,21.11348781,79.03944185,"Plot No 15, Gajanan Temple Road, near Yashoda High School, Adarsh Colony, Bhamti, Sainath Nagar, Trimurtee Nagar, Nagpur, Maharashtra 440022"
298,Nkp library,21.11275134,79.00150522,"4222+7G4, Police Nagar, Nagpur, Digdoh, Maharashtra 440016"
299,Corporation Library And Kasturba Vachanalay,21.16365241,79.07510519,"536G+W58, Near Tuta Bagicha & Gandhi Statue, Sadar, Nagpur, Maharashtra 440001"
300,Rajaram Sitaram Dixit Library,21.14316033,79.05896902,"43R5+7CQ, N Bazar Rd, beside Harna Mahila Society, Gokulpeth, Nagpur, Maharashtra 440010"
301,Ratnabodhi Vihar Library,21.1169007,79.0692687,"65, Sawarkar Nagar, Vivekanand Nagar, Nagpur, Maharashtra 440015"
302,Prasanna Prayas Study Center,21.11257702,79.0519309,"M Corp, 2st Floor plot no 84 pandurang gawande layout, Khamla, Nagpur, Maharashtra 440027"
303,The Peace Library,21.19241228,79.09698926,"Aanand kungwani, Plot no. 83, near Sai Mandir, Kushi Nagar, Nari Village, Nagpur, Maharashtra 440014"
304,Dr. APJ Abdul Kalam E-library,21.12915476,79.11143708,"Yashwantrao Chavan School, Behind Kamgar Kalyan Bhavan, Raghuji Nagar, Nagpur, Maharashtra 440009"
305,,,,
306,BEED,,,
307,Kinjal Library,19.00742623,75.75855233,"Back gate of St.ann's School, Swami Vivekanand marg, near Ekta Nagar, Fulai Nagar, Beed, Maharashtra 431122"
308,Swarajya Library,18.99941734,75.74961673,"3rd Floor, Tendulkar's Urvi Capital, Pangri Rd, near Umakiran Shaikshanik Sankul, Kranti Nagar, Beed, Maharashtra 431122"
309,Wadia library,18.99730731,75.75425159,"XQV3+FV3, Bir, Beed, Maharashtra 431122"
310,"Dr. Hedgewar Sarvajanik Vachnalay, Beed",18.99406104,75.75236331,"VH2J+XH5, behind Sangali Bank, Datta Nagar, Beed, Maharashtra 431122"
311,Atharva Abhyasika,18.98763459,75.74774946,"XPPX+665, Navghan College Rd, Bhaya Nagar, Datta Nagar, Beed, Maharashtra 431122"
312,Professional library,18.98664314,75.74339377,"XPPV+6C6, Gurukripa Colony, Datta Nagar, Beed, Maharashtra 431122"
313,,,,
314,SATARA,,,
315,shree Bhairavnath vachnalay,17.69975441,73.98409477,"MXWM+663, Z P Colony, Shahupuri, Satara, Maharashtra 415002"
316,Satara Nagar Vachanalaya,17.68980578,73.98807294,"MXMQ+7R4, Rajwada, Satara, Maharashtra 415002"
317,Rajmudra abhyasika,17.69406915,73.99689973,"malhar plaza, New Radhika Rd, near taluka police station, Koyana Nagar, Satara, Maharashtra 415002"
318,Spectrum library,17.69454293,74.00100253,"M2R2+MR8, Radhika Rd, near Sagar dilux hotel, Koyana Nagar, Satara, Maharashtra 415001"
319,Naal Foundation abhyasika& Book Shop,17.68646401,74.01069046,"Yashodhan Society, Kamathipura, Sadar Bazar, Satara, Maharashtra 415001"
320,karmaveer nagar book library,17.6735676,74.02417127,"M27F+89W, Karmaveer Nagar, Satara, Maharashtra 415004"
321,Rajdhani Library,17.68936563,74.00808462,"M2Q5+78G, Unnamed Road, Ajinkya Colony, Powai Naka, Satara, Maharashtra 415001"
322,Agnipankh abhyasika,17.68509948,74.01229106,"Maurya height, near sai Mandir(temple, Powai Naka, Satara, Maharashtra 415002"
323,Shrihari,17.68053062,74.01112805,"Shrihari,Pushpvilas, Ganesh Nagar Rd, Radhika Nagar, Godoli, Satara, Maharashtra 415002"
324,Satara Nagar Vachanalaya,17.68649646,73.98894173,"MXMQ+7R4, Rajwada, Satara, Maharashtra 415002"
325,,,,
326,AHMEDNAGAR,,,
327,Dnyanada library,19.1322982,74.72622056,"4PJG+88G, Pipeline Rd, Savedi, Ahmednagar, Indraprastha Colony, Maharashtra 414003"
328,Shri Datt Abhyasika Studyroom,19.12117015,74.73528075,"Kusthdham Rd, near shree samarth vidhya mandir, Professor Colony, Savedi, Ahmednagar, Maharashtra 414003"
329,Pickabook Toys and Books Library Ahmednagar,19.12334912,74.7363515,"Gulmohar Rd, Savedi, Ahmednagar, Maharashtra 414001"
330,Mahavir Kaladan,19.08928416,74.73714225,"3PPP+RW6, Maliwada, Ahmednagar, Maharashtra 414001"
331,Markandeya library,19.10082591,74.73123892,"3PXJ+8JG, Sudke Mala, Ahmednagar, Maharashtra 414001"
332,Believe Study Hub,19.10024884,74.73164605,"Chitale Rd, in front of Datta Bakery, near Nehru market, Sarjepura city, Ahmednagar, Maharashtra 414001"
333,,,,
334,,,,
335,,,,
336,,,,
337,,,,
338,,,,
339,,,,
340,,,,
341,,,,
342,,,,
343,,,,
344,,,,
345,,,,
346,,,,
347,,,,
348,,,,
349,,,,
350,,,,
351,,,,
352,,,,
353,,,,
354,,,,
355,,,,
356,,,,
357,,,,
358,,,,
359,,,,
360,,,,
361,,,,
362,,,,
363,,,,
364,NAGPUR,,,
365,"Dr. Babasaheb
 Ambedkar Sarvajanik Wachanalaya",19.41167,80.00389,"Vyankatra-opetha Tal. Aheri, Dist.
 Gadchiroli"
366,"Eklavya Granthlaya,",,,"Armori, Tal. Armori, Dist. Gadchiroli"
367,,,,
,"Swa.Pandurang Patil 
Kangune Sarvajanik 
Wachanalaya ",21.17073696,75.21816588,"249W+9JP, Unnamed Road, Rameshwar Bk., Maharashtra 425105"
,Kai.krishna natthu patil sarvajanik vachnalay &,21.46242579,74.34475278,"C94Q+Q6W, Jun Mohide, Maharashtra 425411"
,"Swa.Shri. Bhausaheb 
Deshmukh 
Sarvajanik 
Wachanalaya",20.62025298,74.84607699,"GRJ9+966, MH SH 19, Deshmukhwadi, Pilkhod, Maharashtra 424116"
,"Rajmata Ahilyabai Holkar Sarvajanik Vachanalay,Udane",20.95406558,74.62085726,"Manik Chauk, Udane, Maharashtra 424302"
,"adasaheb Harchand Badgujar Sarvajanik Vachanalay,Mukati,Tal & Dist-Dhule",20.98997047,74.99439242,"Mukti, Maharashtra 424301"
,"Kai.Sau Kusumbai Balkrushna Wani Sarvajanik Vachanalay,Balapur,Dhule",20.92328309,74.86804965,"Varkhede, Road, Balapur, Maharashtra 424301"
,,,,
,,,,
,,,,
,,,,
,,,,
,,,,
,,,,
,,,,
,,,,
,,,,
386,,,,
387,,,,
388,,,,
389,NASHIK DISTRICT,,,
390,,,,
391,"Ahmadnagar Zilha 
Wachanalaya ",19.09666678,74.73615061,"3750, Chitale Rd, near Jilha Vachanalay, Nalegaon, Ahmednagar, Maharashtra 414001"
392,Sarvajanik Mofat Wachanalaya Gram.Panchayat,,,
393,,,,
394,"Kai.Rodaji Ramaji 
Deshmukh Sarvjanik 
Wachanalaya",19.52111959,73.87005215,"GVCC+82X, Rajur, Maharashtra 422604"
395,,,,
396,"Dr.Babasaheb 
Ambedkar Sarvjanik 
Wachanalaya",20.11577218,73.82937373,"XQ99+FHG, State Bank Chowk, Cidco, Nashik, Maharashtra 422009"
397,"Shri Agasti Sarvjanik 
Wachanalaya ",19.51605491,74.00532824,"G284+84R, Dongargaon, Akole, Maharashtra 422601"
398,"Adarsh Gramin 
Sarvjanik 
Wachanalaya ",19.18469763,72.85615693,"Adarsh sarvajnik wachanalaya, taluka, Peru Baug, Jay Prakash Nagar, Goregaon, Mohadi, Mumbai, Maharashtra 441807"
399,"WachanalayaDeepa Nisal
Swami 
Vivekanand 
Sarvjanik 
",19.69532912,74.1065151,"H38V+VMH, Vadgaon Landga, Maharashtra 422603"
400,"Maharshi Pratistan 
Sanchalit Akasharvel
Sarvajanik 
Granthalay ",19.06576843,72.9166031,"3V5M+XFM, Shiv Srishti Road, Milan Nagar, Kurla, Mumbai, Maharashtra 400024"
401,"Sambrudha
Sarvjanik 
Wachanalay",21.26786768,77.63447933,"7J9M+4QX, Kondwardha, Maharashtra 444723"
402,"Swatantravir 
Savarkar Sarvjanik 
Wachanalaya",19.0295839,72.83660889,"43, Dr Baba Saheb Ambedkar Rd, Shree Ganesh Nagar, Lal Baug, Chinchpokli, Mumbai, Maharashtra 400012"
403,Swa.Sau.Kamlini Balasaheb Satbhai Sarvjanik Wachanalaya,20.14482739,74.61457188,"VFHH+M48, Sainagar, Mahadevnagar, Kopargaon, Maharashtra 423601"
404,Grampanchayat  Wachanalaya,20.22890412,73.67174934,"WV7X+MGC, Nashik - Pune Rd, Shinde, Maharashtra 422102"
405,Satguru Sant Gadghibaba Sarvjanik Wachanalaya,20.05725397,73.79791528,"3Q4W+QW4, Boargad, Shirish Society, Nashik, Maharashtra 422004"
406,Swa.Rasiklal Mniklal Parik Hindi Sarvjanik Wachanalaya,21.19004379,78.13745658,"346G+V9P, Warkhed, Maharashtra 444903"
407,"Lokmanya Taluka 
Wachanalaya ",19.17831196,73.33610477,"28F8+76M, Neral, Maharashtra 410101"
408,Chtrapati Shvaji Wachanalaya,18.93889493,75.52380749,"Jamkhed, Maharashtra 413201"
409,"Shri.Ganesh 
Sarvjanik 
Wachanalaya",19.76184703,73.02957894,"F4H4+68P, Dighashi, Maharashtra 421302"
410,Samarth Library And Study Room,20.02167165,73.75865578,"Akashwani Tower, Near, D. K. Nagar, Nashik, Maharashtra 422013"
411,Murkute Abhyasika,20.00780039,73.77479195,"Laxmi-Narayan Apartment, Lane No. 2, Sharanpur Rd, New Pandit Colony, Nashik, Maharashtra 422002"
412,Panditrao Khaire Library,20.00581231,73.79316097,"2Q3V+86F, Dharmaji Khaire Marg, Naikwadi Pura, Panchavati, Nashik, Maharashtra 422001"
413,,,,
414,"Janata Sarvajanik 
Wachanalaya ",20.90256699,76.2075571,"R682+3J7, Datala, Maharashtra 443102"
415,"Prasad Sarvajanik 
Wachanalaya ",20.98035395,74.78496555,"80 Feet Rd, Agrawal Nagar, Dhule, Maharashtra 424001"
416,Dr Babasaheb sarvjank vachnalaya,21.3747612,74.42241671,"7CJ2+25P, Rajale, Maharashtra 425411"
417,Pradnyadeep Sarvajanik Vachnalay,20.33271599,75.19145968,"75C2+GJ9, Narsingpur, Kannad, Maharashtra 431103"
418,"Narayan Martand Sarvajanik Wachanalaya , Yawal",20.80073188,76.20769504,"5M8W+PP9, Gawat Bazar, near Apna Bazar Super Shop, Madhav Nagar, Yawal, Maharashtra 425301"
419,Dr. Hedgewar sarvajanik Wachnalay,20.62089564,75.74077609,"GM8X+FGX, Pimpaldari, Maharashtra 431117"
420,"Vir lahuji sarvajanik vachnalaya, Gopalpur",19.63579718,75.12004853,"Khamgaon, road, Newasa, Maharashtra 414603"
421,Prasad Sarvjanik Vachnalay,19.58450183,74.92735125,"GXG4+776, government rural hospital Rd, Nipunge Wasti, Newasa Fata, Maharashtra 414603"
422,"Kai.Sheth Chintaman Rambhau Nikam ,Sarvajanik Wachnalay,Warud",21.26817348,74.86135148,"5VQ2+QR7, Warud, Tal Shindakheda, Dist, Dhule, Maharashtra"
423,"Lokseva Sarvajanik Vachnalay (granthalay), chani",20.39097442,77.92808536,"8XM6+G56, Chani., Maharashtra 445002"
424,Yashwanta Foundation Library,20.15909828,76.88987734,"3V7V+V5H, Chichamba Pen, Maharashtra 444504"
425,Yashwant Library,19.91138351,75.91827394,"RVVR+48M, Mastgarh, Sangram nagar, Rahman Ganj, Jalna, Maharashtra 431213"
426,Yashwant Abhyasika,18.97594166,75.43041231,"WCGQ+4F5, A/P Dongarkinhi, Tell, Patoda"
427,Sarvajanik vachanalaya Abhona,20.52430646,73.98845672,"FWHG+H2G, Omkar Colony, Abhona, Maharashtra 423502"
428,Yashwantrao Chavan Granthalaya va Saravajanik Wachnalaya,20.09494929,73.76014712,"Neeraj Heigts, Thakur Residency, Gangapur Rd, Savarkar Nagar, Nashik, Maharashtra 422013"
429,Shri sant santaji sarvjanik vachnalay,21.34375951,75.87493361,"6J4C+23M, Chunchale, Maharashtra 425302"
430,"Shri.Samarth 
Sadguru 
Kisangiribaba 
Sarvajanik 
Wachanalaya ",19.76500424,76.02866064,"J2FM+JQQ, शेवगळ ता, Ghansawangi, Shevgal, Maharashtra 431207"
431,संत गाडगे बाबा सार्वजनीक वाचनालय,20.56424826,77.70956886,"FP5M+FGM, Ghareful, Maharashtra 445201"
432,SHREE SATIDEVI SUBHODH VACHNALAY\,21.14430802,74.90805516,"3JGM+36W, MH SH 12, Boris, Maharashtra 424307"
433,Jagatguru Shri Tukaram Maharaj Librery,20.93931643,76.75357822,"QMRV+4JH, near Municipal Highschool, Shegaon, Maharashtra 444203"
434,"Shri. Dnyaneshwar 
Granthalay",19.46408262,75.04770481,"F22J+8V5, Dnyaneshwar Sugar Factory Bhenda, Bhende Bk., Maharashtra 414605"
435,"Sant Dnyaneshwar Abhyasika
",20.04053099,73.80323411,"Katya, Maruti chowk, Old, Ganeshwadi Rd, Old Adgaon Naka, Adgaon Naka, Panchavati, Nashik, Maharashtra 422003"
436,Sadguru Kisangiribaba Sarvajanik Wachanalaya,19.22174694,75.41414985,"5CH5+94Q, Kharwandi, Maharashtra 414113"
437,"Saiganesh Sarvajanik 
Wachanalaya ",20.12744952,73.80457085,"2Q4W+7GM, Ganeshwadi, Panchavati, Nashik, Maharashtra 422003"
,MUMBAI,,,
1,David Sassoon Library,18.927679,72.830933,"152, Mahatma Gandhi Road, Library Marg, Fort, Opposite Jehangir Art Gallery, Mumbai, Maharashtra 400001"
2,Mumbai Marathi Grantha Sangrahalaya,19.013685,72.846581,"Mmgs Marg, Naigaon, Dadar East, Mumbai, Maharashtra 400014"
3,Mumbai Marathi Grantha Sangrahalaya,19.164795,72.854019,"Tanaji Nagar Road, Idbi Bank, Tanji Nagar Malad East, Mumbai, Maharashtra 400097"
4,Marathi Granth Sangrahalaya,19.190825,72.97702,"Station Rd, Juhu Chandan Society, Jambli Naka, Thane West, Thane, Maharashtra"
5,Granthabhisaran Mandal,19.208187,73.184723,"Plot no.53/A, Kansai Vibhag, Ambernath (E) 421501"
6,Prabodhini Sarvajanik Wachanalaya va Granthalaya,,,"Near Badlapur Station, Kulgaon (E) 421503"
7,"Sarvajanik Wachanalaya, Nagar Palika",,,"Nagar Prishad Ambernath 421
501"
8,Shree Venykatesh Wachanalaya va Granthalaya,,,"4,Gurudev Market, Near Railway Station, Vangani 421503"
9,Badlapur Sahyog Sarvajanik Wachanalaya,,,"Near Sarkari Chavadi, Badlapur Gaon 421504"
10,Dyanda Wachanalaya,,,"Shiv-Sena Madhyavarti Karyalay, Veer Jijamata Chowk, Maratha Section- 32"
11,Niranjana Sarvajanik Wachanalaya,,,"In front of Block A-
403, Subhash Tekadi Ambedkar Chowk"
12,Maharashtra Mitra Mandal Sanch Wachanalaya,,,"Behind Bus Stand No.1, In front of Police Line."
13,Shree Gajanan Granthalaya,,,"Veer Savarkar
Marg, Lalchakki Station Road 421004"
14,Savitribai Phule Sarvajanik Wachanalaya,,,"Block No. 480/959, Near Sarvajanik Mitra Mandal,
Lal Chakki"
15,Dyansadhana Granthalaya Wachanalaya,,,"Barek No.1308/12, O.T.Section"
16,Tri Ratna Granthalaya,,,"Blook No.A-
399/798, Subhash Tekadi, Khansai Road"
17,Lokseva Sarvajanik Wachanalaya,,,"Shanti Nagar, Po.Ullhasnagar-3"
18,Dyansadhana Sarvajanik Wachanalaya,,,"Santosh Nagar,
O.T. Vibhag"
19,Pragati Sarvajanik Wachanalaya,,,"Aashalepada Room.No.1596, Near Ganpati Mandir, Yashavant Vidhyalay, Aamrapali Colony, Ullhasnagar"
20,Milind Granthalaya va Wachanalaya,,,"In Front of  Barek No.104, Mukund Nagar"
21,Pratibha sampann Granthalaya va Wachanalaya,,,"Near Karotiya Nagar, Bramhanpada,Cho pada Vibhag"
22,Shri Suprabha Sarvajanik Wachanalaya,,,"Barek No.736/3, Parmar Sadan, Central Hospital Area"
23,Saraswati Granthalaya,,,"Veer Tanhaji
Nagar, Barek No. 1892,
Section-40"
24,Sarvajanik Wachanalaya,,,"Shivaji Chowk, Kalyan-421301"
25,Kalyan Dombivali Maha Nagar Palika Granthalya,,,Kalyan Dombivali Maha Palika Dombivali Vibhag 421201
26,Jan Prabhodhini Sanch. Pandit Vasudev Shastri Panshikar Sarvajanik Wachanalaya,,,"Gajanan Palace, A- 03, Ganesh Mandir Marg, Manda (E) Titvala-421605"
27,Janta Utkarsh Wachanalaya,,,"Aashelepada Shri
Ram Nagar, Section-29, Po.Tal- Kalyan"
28,Dombivali Granthasangrahalaya,,,"Ghansham Gupte Road, Near Vishu Nagar Police Station, Dombivali- 421202"
29,Gyan Vihar Library,19.233347,72.854708,"3rd Floor, C Wing, Natya Mandir, Prabodhankar Thackeray Natya Mandir Parking, Sodawala Ln, Shanti Nagar, Borivali West, Mumbai, Maharashtra 400091"
30,Swami Vivekanand library and art centre,19.23003,72.83849,"6RHQ+69M, near MHB ground, New MHB Colony, Ashtavinayak Nagar, Borivali West, Mumbai, Maharashtra 400091"
31,Moreshwar Library,19.23076,72.82621,"6RHG+HJJ, Dr DG Palkar Rd, Shri Ganeshkrupa Society, Samabhav Society, Gorai 1, Borivali West, Mumbai, Maharashtra 400091"
32,We Care Foundation Reading Library,19.21982,72.82776,"Charkop, 139, Sector 5, Charkop, Sector 5 Charkop, Kandivali West, Mumbai, Maharashtra 400067"
33,Medhaavi Study Library,19.21998,72.83316,"H.S. L.T.D.,1st Floor, Adarsh C, 360/43, Shiv Mandir Lane, near Amba Mata Temple, Manoram CHS, RDP 8, Charkop Gaon, Kandivali(W, Mumbai, Maharashtra 400067"
34,Sarthak Library And Study Room,19.21512,72.82544,"Plot No 154 /D, Rangavali CHS, near Post Office, Sector 1 Charkop, Kandivali West, Mumbai, Maharashtra 400067"
35,Dani Library,19.21149,72.83956,"1, Dani House, Samir Chandavarkar Road, Off, Gokhale Rd, Mahavir Nagar, Dahanukar Wadi, Kandivali West, Mumbai, Maharashtra 400067"
36,Pawan Dham Library,19.21815,72.84213,"5th Floor, pawan dham, Temple Building, near MCA Ground, Kandivali, Satya Nagar, Kandivali West, Mumbai, Maharashtra 400067"
37,NEW Library,19.22468,72.84417,"6RCV+XHJ, Shimpoli, Borivali West, Mumbai, Maharashtra 400092"
38,Prathamesh Circulating Library,19.22286,72.83828,"Shop No.21, Bhushan Heritage, RDP 10, Chikoowadi, Borivali West, Mumbai, Maharashtra 400092"
39,Spacyes,19.21948,72.85276,"1st Floor,B/2, Bharat Baug, Lancelot, SV Road, Opp. Kalyan Jewellers,Next, to Shiv Temple, Borivali West, Mumabi,, Mumbai, Maharashtra 400092"
40,Aum Library Study & Co Working Space,19.23387,72.84891,"pusti tushti, G - 24, Zone Mall, Ground Floor, Chandavarkar lane, Swami Vivekananda Rd, near foodlord restaurant n, Borivali West, Mumbai, Maharashtra 400092"
41,Gyan Library - Free Kids Library on Wheels,19.24221,72.84866,"B Wing, Aquaria Grande, Devidas Lane, LIC Colony, Borivali West, Mumbai, Maharashtra 400103"
42,BMC LIBRARY BORIVALI EAST,19.22298,72.86262,"service centre, Central prabhu lane, 504, 504, land mark:, opposite hundai, Food Corporation of India Warehouse, Borivali East, Mumbai, Maharashtra 400066"
43,Prabhodhankar Thakare Library,19.22504,72.86966,"4, Jai Maharashtra Rd, Jay Maharashtra Nagar, Shreekrupa CHS, Trimurty Nagar, Borivali, Mumbai, Maharashtra 400066"
44,Apla Vachnalay.,19.24475,72.868,"Shop No.6/B - Wing,Hanuman Building,Maruti Nagar, Shiv Vallabh Rd, Ashok Van, Dahisar East, Mumbai, Maharashtra 400068"
45,Pravin Darekar Library,19.24874,72.87286,"6VWC+3M7 Shree Moreshwar S R A Building No 1, SN Dube Rd, River Park Complex, Rawalpada, Dahisar East, Mumbai, Maharashtra 400068"
46,"Shailendra Education Society, Hi- Tech Library",19.24201,72.86796,"6VR9+F8C, Shiv Vallabh Rd, behind Sai Baba Temple, Ashok Van, Dahisar East, Mumbai, Maharashtra 400068"
47,Lokmanya Tilak Library,19.1906,72.85292,"7, Jainacharya Ram Ram Marg, Malad, Shivaji Nagar, Malad East, Mumbai, Maharashtra 400097"
48,Dreambaux Library,19.18477,72.8476,"Mithaiwala cottage, Nadiadwala compound, Haji Bapu Rd, behind post office, Devchand Nagar, Dhobi Ghat, Malad East, Mumbai, Maharashtra 400097"
49,Prabhodhan Library,19.1632,72.84228,"5R5R+WVW, Siddharth Nagar, Goregaon West, Mumbai, Maharashtra 400047"
50,Lokmanya Library,19.20373,72.85704,"400101, 4-11, Atmaram Sawant Rd, Kandivali, Ashok Nagar, Kandivali East, Mumbai, Maharashtra 400101"
51,Jogeshwari Marathi Granthalaya ( E- Library ),19.13942,72.86244,"4VP7+H9J, Near Shiv Mandir, Shyam Mandir, Jogeshwari East, Mumbai, Maharashtra"
52,Vachanalaya,19.13567,72.86145,"11-18, Vijay Raut Marg, Income Tax Colony, Shankarwadi, Jogeshwari East, Mumbai, Maharashtra 400060"
53,Bhavan's library Building,19.12787,72.83717,"4RGP+3CX, Sahayog Society, Munshi Nagar, Andheri West, Mumbai, Maharashtra 400053"
54,Sheila Raheja Library,19.1299,72.81916,"4RGC+V44, Near Nana Nani Park Nana, Gharkul Society, Bharat Nagar, Versova, Andheri West, Mumbai, Maharashtra 400047"
55,Subhedar Ramji Ambedkar library,19.1352,72.82594,"4RMG+78Q, RTO Rd, Suresh Nagar, Andheri West, Mumbai, Maharashtra 400053"
56,PD COMPUTER LIBRARY Andheri East,19.12194,72.84642,"401 B, Vertex Vikas, opp. to Andheri Railway Station East Middle Overpass, Mumbai, Maharashtra 400069"
57,Snehsparsh Library,19.13598,72.85732,"4VJ5+J6H, Amina Nagar, Shivaji Nagar, Shankarwadi, Jogeshwari East, Mumbai, Maharashtra 400060"
58,CA Library,19.11601,72.84444,"4R7V+7CH, Rajasthan Vidyarthi Griha (RVG), Lallubhai Swal Das Marg, Near Lallubhai Park, Off S. V. Road,Andheri (West), Mumbai, Maharashtra 400058"
59,State Central Library,19.11366,72.86195,"4V66+C79, Village, Guru Hargovindji Rd, Bamanpuri, Chakala, Andheri East, Mumbai, Maharashtra 400059"
60,Bharat Vikas Parishad Library,19.11523,72.87516,"101, Marol Church Rd, Bori Colony, Vijay Nagar Colony West, Marol, Andheri East, Mumbai, Maharashtra 400047"
61,Yarn Library (first ever digital yarn library),19.10992,72.88177,"3B, 219, Mittal Industrial Estate, Marol, Andheri East, Mumbai, Maharashtra 400093"
62,Captain vinayak gore vachanalay,19.10805,72.84939,"WING B-2, Tejpal Scheme Rd 1, Vishnu Prasad Society, Navpada, Netaji Subhash Nagar, Vile Parle, Mumbai, Maharashtra 400047"
63,Kala Gurjari Library,19.10414,72.84047,"4R2Q+5X9, Dashrathlal Joshi Rd, near Parle Book Centre, LIC Colony, Suresh Colony, Vile Parle West, Mumbai, Maharashtra 400056"
64,Enbee Library,19.11772,72.84213,"Ground Floor, New Ratna Deep Building, Swami Vivekananda Rd, Zalawad Nagar, Ganga Vihar, Andheri West, Mumbai, Maharashtra 400058"
65,"Community Centre & Santacruz Library, Santacruz ( Mahila Mandal)",19.08527,72.83977,"3RMQ+MWH, Besant Rd, Santacruz, Mumbai, laibery, Santacruz West, Mumbai, Maharashtra 400054"
66,Saheb Chowk,19.08568,72.8473,"3RMX+Q8J, Dhobhi Ghat, Demello Compound, Anand Nagar, Vakola, Santacruz East, Mumbai, Maharashtra 400055"
67,"The Reading Square (Ville Parle, Mumbai) - Library and Study Room for Productivity",19.09846,72.85068,"201, SS House, Nehru Rd, opposite Adarsh (Bharat) Petrol Pump, Vile Parle East, Mumbai, Maharashtra 400057"
68,Jawaharlal Nehru Library - Mumbai University,19.07279,72.85635,"3VC4+HJ2, University Of Mumbai, Kalina, Santacruz East, Mumbai, Maharashtra 400098"
69,"New Library Building, University of Mumbai",19.07396,72.85538,"3VC4+V85, Kolivery Village, University of Mumbai,Vidya Nagari, Kalina, Santacruz East, Mumbai, Maharashtra 400098"
70,Nalanda Sarvajanik Granthalya,19.06521,72.84818,"31, Mahatma Gandhi Vidya Marg, Government Colony, Bandra East, Mumbai, Maharashtra 400051"
71,Garware Association Hall and Library,19.06421,72.84805,"3R6X+VC2, Government Colony, Bandra East, Mumbai, Maharashtra 400051"
72,Sangita circulating library,19.06169,72.83179,"Crown palace building,Turner road, Bandra, Mumbai, Maharashtra 400050"
73,National Library,19.05694,72.83689,"Swami Vivekananda Rd, S.V. Road, Bandra West, Mumbai, Maharashtra 400050"
74,Ramakrishna Mission Shivananda Library and Free Reading Room,19.07587,72.83527,"11th Road, Khar West, Mumbai, Maharashtra 400052"
75,Open Library & Newspaper Reading Shed,19.07357,72.82537,"35, Quarter Rd, Khar, Danda, Pali Hill, Mumbai, Maharashtra 400052"
76,Khar Library,19.07252,72.83726,"129, Chitrakar Dhurandhar Rd, Khar, Khar West, Mumbai, Maharashtra 400052"
77,Rifaenterprises,19.07196,72.83808,"3RCQ+755, opposite Asmita supermarket, Khar, Naya Nagar, Ram Krishna Nagar, Mira Road, Mumbai, Maharashtra 401107"
78,Nimbkar Library,19.07182,72.83593,"129, Chitrakar Dhurandhar Rd, Khar, Khar West, Mumbai, Maharashtra 400052"
79,Maharashtra Mitra Mandal Library,19.05988,72.82603,"Ground Floor, Princess Building, D'Monte Park Road, Bandra West, near Bandra Gymkhana, Mumbai, Maharashtra 400050"
80,Sister Library,19.05003,72.82573,"06 Xavier apartment, John the Baptist road Diagonally, across taj mahel tea house, Bandra West, Mumbai, Maharashtra 400050"
81,Project Mumbai Garden Library -Bandra West (Katrak Park),19.06218,72.82337,"3R6F+C5G, Pali Hill, Mumbai, Maharashtra 400050"
,,,,
,,,,
,,,,
,,,,
,,,,
,,,,
,,,,
,,,,
,,,,
,,,,
,,,,
,,,,
,,,,
,Sangli,,,
1,,17.04309441,74.46149341,
2,Jayant library,17.19796194,74.18683521,"45GP+PGW, Kasegaon, Maharashtra 415404"
3,Library,17.0798543,74.28296558,"3729+9XC, Mahadevnagar, Uran Islampur, Maharashtra 415409"
4,"सार्वजनिक वाचनालय,भिलवडी",17.05359797,74.47522632,"XFQ9+WP8, Bhilawadi, Maharashtra 416303"
5,Central Library,16.98006064,74.43677417,"WCR9+963, Anand Colony, Ashta, Maharashtra 416301"
6,Library,16.75138618,74.48346606,"MFV3+52F, Jawaharnagar, Ichalkaranji, Maharashtra 416116"
7,Bhogawati Mahavidyalaya Library,16.61457566,74.12091724,"Kurukali, Bele, Maharashtra 416001"
8,Chhatrapati Shivaji Maharaj University Library,16.71193166,74.26099292,"M7H3+PRP, Kolhapur, Vidya Nagar, Kolhapur, Maharashtra 416004"
9,Dnyanmudra Abhyasika,16.74086578,74.1264104,"Back side of Trimurti Automobile's, Sangrul, KUMBHI KASARI SAKHAR KHARKHANA road, Koparde, Maharashtra 416205"
10,Shree Bhaskarrao Jadhav Vachanalay,16.74612605,74.21430103,"M6RC+H85, Mangalwar Peth, C Ward, Kolhapur, Maharashtra 416012"
11,Aditi abhyasika,16.72837546,74.19900068,"M6V2+538, Chhatrapati Shivaji Maharaj garden samor, Phulewadi, Kolhapur, Maharashtra 416010"
12,library,16.71879031,74.25905147,"M6XW+7RG, S.T.Colony, Mahalaxminagar, Rajarampuri, Kolhapur, Maharashtra 416008"
13,कै. नरहर बळवंत पाटील सार्वजनिक वाचनालय,16.82739372,74.62769659,"QJJH+9RF, Arjunwad, Maharashtra 416120"
14,Saraswati Library,16.85613128,74.66105814,"RMC2+P87, Fort Rd, near Deval Talkies, Fort Area, Sangli, Miraj, Maharashtra 416410"
15,Ajit Gulabchand Central Library,16.85023019,74.60093396,"RJV2+RQ8, Government Colony, Viya Nagar, Vishrambag, Sangli, Sangli Miraj Kupwad, Maharashtra 416415"
16,KUSTISAMRAT YUVRAJ PATIL VACHANALAYA SANGLI,16.87690086,74.59993864,"8, Chatrapati Shivaji Maharaj Rd No. 8, Balajinagar, Sangli, Sangli Miraj Kupwad, Maharashtra 416436"
17,V.S.Khandekar Library,16.8688048,74.57057656,"VH4F+JVM, Khanbhag, Sangli, Sangli Miraj Kupwad, Maharashtra 416416"
18,"Dr. Hedgewar Sarvajanik Vachnalay, Beed",16.85651653,74.58122404,"VH2J+XH5, Behind Sangali Bank, Sangli"
19,DECCAN LIBRARY Studyroom,16.85681629,74.57645192,"Overseers Colony, Khanbhag, Sangli Miraj Kupwad, Maharashtra 416416"
20,OJAS LIBRARY(Narke Foundation),"16.69222585711379, 74.21981752010097",,"M6R9+3HJ, Shivaji Peth A Ward, C Ward, Kolhapur, Maharashtra 416012"
21,बॅरिस्टर बाळासाहेब खर्डेकर वाचनालय,"16.67959655806511, 74.25474203387125",,"M7H3+QRF, Shivaji University Kolhapur, Vidya Nagar, Kolhapur, Maharashtra 416004"
22,,,,
,,,,
,,,,
,SOLAPUR,,,
1,Hirachand Nemchand Library,"17.677619839174298, 75.90205602126517",,"MWF2+56M, MH SH 151, near supraja pavbhaji, Sidheshwar Temple Area, Solapur, Maharashtra 413002"
2,"स्व. काका महाजनी स्मारक विश्वस्त समिती, अभ्यासिका सोलापूर","17.688593236360113, 75.91127009397484",,"Jai Bhavani School Rd, in front of hogade hosptial, kaka ganapati, Bhavani Peth, Solapur, Maharashtra 413002"
3,Utkarsh Vaachnalay (Library),"17.672742558720966, 75.92893040000169",,"Karate class, Big Water storage tank, near ganesh mandir, Padma Nagar, Karnik Nagar, Sakhar Peth, Solapur, Maharashtra 413005"
4,Shrikant Sarvajanik Vachnalay (Shrikant Public Library),"17.687617850411343, 75.89079437684225",,"Shop No. 4, Awanti Nagar Complex, near Sai Fitness Gym, Abhimanshri Nagar, Vasant Vihar, Solapur, Maharashtra 413002"
5,SRM Library Solapur,"17.63396347550471, 75.91510929093721",,"Kaya Ayurvedic Clinic basement, Ruby Nagar, Dnyaneshwar Nagar, Jule, Solapur, Maharashtra 413008"
6,Hirachand Nemchand Library Branch-2,"17.646402959180516, 75.90640711115584",,"JWQ4+P3C, Konark Nagar, Jule, Solapur, Maharashtra 413004"
7,Param Abhyasika,"17.659817125837257, 75.9253471495035",,"Akashvani Road 18/33, 70 Feet Rd, Mumtaj Nagar, Madhav Nagar, Solapur, Maharashtra 413006"
,,,,
,,,,
,LATUR,,,
1,MK LIBRARY,"17.7036317622024, 75.91050616394821",,"wellness zone, 003, first floor, Begum Peth Rd, above Danish Cake, Sidheshwar Temple Area, Solapur, Maharashtra 413002"
2,Chatrapati Shivaji Maharaj Library,"18.47571071126265, 76.57452173384345",,"9HXF+4QF, Town Hall, Latur, Maharashtra 413512"
3,स्वामी विवेकानंद सार्वजनिक वाचनालय,"18.45602861544746, 76.5270920502795",,"9GPC+725, Pakharsangvi, Latur, Pakharsangvi, Maharashtra 413531"
4,,,,
,,,,
,,,,
1,"भाई.संभाजी पाटील-ढगे सार्वजनिक वाचनालय,पिंपळगाव ढगे","18.997779794080827, 77.16288418195744",,"X57F+4W5 Bhai Sambhaji Patil Dhage Public LibraryPimpalgaon Dhage, Loha, Pimpalgaon Dhage, Maharashtra 431708"
2,Public Library,"18.977536590578325, 77.10936407333651",,"W4VC+6GG, Old Loha Rd, Loha, Maharashtra 431708"
3,,,,
,,,,
,NANDED,,,
1,Dr Ram Manohar Lohiya Library,"19.20074179437683, 77.32636465517302",,"583M+X5P, Hyder Bagh, Dashmesh Nagar, Deglour Naka, Nanded, Nanded-Waghala, Maharashtra 431601"
2,Gurukrupa Academy Mpsc Upsc Study Centre,"19.90689304104474, 77.55835967797714",,"City Club, Karla Rd, Saptagiri Nagar, Pusad, Maharashtra 445204"
,,,,
,सेवादास सार्वजनिक वाचनालय. ज्योतिनगर,"19.993806953111733, 77.58205825878524",,"XHQM+FGR, MH SH 213, Jyoti Nagar, Maharashtra 445204"
,"Gramgopal sarvjanik wachnalay, wanwarla","20.00156332452381, 77.47234835460186",,"XFRF+VV9, Wanwarla ., Maharashtra 445204"
,Lobhivant Maharaj Sarvjanik Vachanaly Paradh,"20.062954432165057, 77.45893554499949",,"3F46+F3, Pimpalgaon, Maharashtra 445204"
,Dhanji naik vachnalay,"20.06780007791825, 77.59168796897471",,"3H6Q+QXR, Digras, Shendona, Maharashtra 445203"